0335	effect_skill1_hit1.png	effect_skill1_hit1.atlas
0336	effect_skill1_hit2.png	effect_skill1_hit2.atlas
0337	effect_skill1_lizi.png	effect_skill1_lizi.atlas
0338	effect_skill1_long.png	effect_skill1_long.atlas
0339	effect_skill1_long2.png	effect_skill1_long2.atlas
0340	effect_di.png	effect_di.atlas
0341	effect_skill0_attack.png	effect_skill0_attack.atlas
0342	effect_skill0_fly.png	effect_skill0_fly.atlas
0343	effect_skill0_fore.png	effect_skill0_fore.atlas
0344	effect_skill0_hit.png	effect_skill0_hit.atlas
0345	effect_skill01_fore.png	effect_skill01_fore.atlas
0346	effect_skill1_BJ.png	effect_skill1_BJ.atlas
0347	effect_skill1_guangmu.png	effect_skill1_guangmu.atlas
0348	effect_skill1_hit_back.png	effect_skill1_hit_back.atlas
0349	effect_skill1_hit_fore.png	effect_skill1_hit_fore.atlas
0350	effect_skill1_jq.png	effect_skill1_jq.atlas
0351	effect_skill1_jq_back.png	effect_skill1_jq_back.atlas
0352	effect_buff1_fore.png	effect_buff1_fore.atlas
0353	effect_skill1_lizi.png	effect_skill1_lizi.atlas
0354	effect_skill1_moji_back.png	effect_skill1_moji_back.atlas
0355	effect_skill1_moji_fore.png	effect_skill1_moji_fore.atlas
0356	effect_skill02_back.png	effect_skill02_back.atlas
0357	effect_skill02_changjing.png	effect_skill02_changjing.atlas
0358	effect_skill02_fore.png	effect_skill02_fore.atlas
0359	effect_skill0_fore.png	effect_skill0_fore.atlas
0360	effect_skill0_hit.png	effect_skill0_hit.atlas
0361	effect_skill02hit_fore.png	effect_skill02hit_fore.atlas
0362	effect_skill2_fore.png	effect_skill2_fore.atlas
0363	effect_skill2_HP.png	effect_skill2_HP.atlas
0364	effect_skill0.png	effect_skill0.atlas
0365	effect_skill1_back.png	effect_skill1_back.atlas
0366	effect_skill1_fore.png	effect_skill1_fore.atlas
0367	effect_skill1_qc.png+effect_skill1_qc2.png	effect_skill1_qc.atlas
0368	effect_skill1_qishou.png	effect_skill1_qishou.atlas
0369	effect_skill1_weiyi.png	effect_skill1_weiyi.atlas
0370		skill0_fore.atlas
0371		skill0_hit.atlas
0372		skill1_back.atlas
0373		skill1_fore.atlas
0374		skill1_hit1.atlas
0375		skill1_hit2.atlas
0376		skill1_hit2_back.atlas
0377	effect_skill2_back.png	effect_skill2_back.atlas
0378	effect_BUFF_yu.png	effect_BUFF_yu.atlas
0379	effect_jq_fore.png	effect_jq_fore.atlas
0380	effect_shuangyu.png	effect_shuangyu.atlas
0381	effect_skill0.png	effect_skill0.atlas
0382	effect_skill0_fly.png	effect_skill0_fly.atlas
0383	effect_skill0_hit.png	effect_skill0_hit.atlas
0384	effect_skill1_back.png	effect_skill1_back.atlas
0385	effect_skill1_fore.png	effect_skill1_fore.atlas
0386	effect_skill1_hit_back.png	effect_skill1_hit_back.atlas
0387	effect_skill1_hit1_fore.png	effect_skill1_hit1_fore.atlas
0388	effect_skill1_hit2_fore.png	effect_skill1_hit2_fore.atlas
0389	effect_skill2_fore.png+effect_skill2_fore2.png	effect_skill2_fore.atlas
0390	effect_skill_qiu.png	effect_skill_qiu.atlas
0391	effect_skill0_hit.png	effect_skill0_hit.atlas
0392	effect_skill0_lizi.png	effect_skill0_lizi.atlas
0393	effect_skill0_shifa.png	effect_skill0_shifa.atlas
0394	effect_skill2_long.png	effect_skill2_long.atlas
0395	effect_skill1_hit_a.png	effect_skill1_hit_a.atlas
0396	effect_skill1_hit_b.png	effect_skill1_hit_b.atlas
0397	effect_skill1_hit_fore.png	effect_skill1_hit_fore.atlas
0398	effect_skill1_shifa_a.png	effect_skill1_shifa_a.atlas
0399	effect_skill1_shifa_b.png	effect_skill1_shifa_b.atlas
0400	effect_skill1_shifa_c.png	effect_skill1_shifa_c.atlas
0401	effect_skill1_taiji.png	effect_skill1_taiji.atlas
0402	effect_skill1_yezi.png	effect_skill1_yezi.atlas
0403	effect_skill2_zhuanquan2.png	effect_skill2_zhuanquan2.atlas
0404	effect_skill0.png	effect_skill0.atlas
0405	effect_skill3_back.png	effect_skill3_back.atlas
0406	effect_skill0_hit.png	effect_skill0_hit.atlas
0407	effect_skill1.png	effect_skill1.atlas
0408	effect_skill1_fly.png	effect_skill1_fly.atlas
0409	effect_skill1_hit.png	effect_skill1_hit.atlas
0410	effect_skill1_pingmu.png	effect_skill1_pingmu.atlas
0411	effect_skill1_xuli.png	effect_skill1_xuli.atlas
0412	effect_skill2_buff.png	effect_skill2_buff.atlas
0413	effect_skill2_shifa.png	effect_skill2_shifa.atlas
0414	effect_buff.png	effect_buff.atlas
0415	effect_fly.png	effect_fly.atlas
0416	effect_skill0.png	effect_skill0.atlas
0417	effect_skill0_hit.png	effect_skill0_hit.atlas
0418	effect_skill1.png	effect_skill1.atlas
0419	effect_skill1_back.png	effect_skill1_back.atlas
0420	effect_skill1_hit.png	effect_skill1_hit.atlas
0421	effect_skill1_kuosan.png	effect_skill1_kuosan.atlas
0422	effect_skill1_lizi.png	effect_skill1_lizi.atlas
0423	effect_skill1_pingmu.png	effect_skill1_pingmu.atlas
0424	effect_skill2.png	effect_skill2.atlas
0425	effect_hit.png	effect_hit.atlas
0426	effect_skill0.png	effect_skill0.atlas
0427	effect_skill1_back.png	effect_skill1_back.atlas
0428	effect_skill1_fore.png	effect_skill1_fore.atlas
0429	effect_skill1_hit_back.png	effect_skill1_hit_back.atlas
0430	effect_skill1_hit_fore.png	effect_skill1_hit_fore.atlas
0431	effect_skill1_ready.png	effect_skill1_ready.atlas
0432	effect_skill2.png	effect_skill2.atlas
0433	effect_skill3.png	effect_skill3.atlas
0434	effect_skill0.png	effect_skill0.atlas
0435	effect_skill0_fly.png	effect_skill0_fly.atlas
0436	effect_skill0_hit.png	effect_skill0_hit.atlas
0437	effect_skill1_back.png	effect_skill1_back.atlas
0438	effect_skill1_fly.png	effect_skill1_fly.atlas
0439	effect_skill1_fore.png	effect_skill1_fore.atlas
0440	effect_skill1_hit01.png	effect_skill1_hit01.atlas
0441	effect_skill1_hit02_back.png	effect_skill1_hit02_back.atlas
0442	effect_skill1_hit02_fore.png	effect_skill1_hit02_fore.atlas
0443	effect_skill2_sf.png	effect_skill2_sf.atlas
0444	effect_skill3_back.png	effect_skill3_back.atlas
0445	effect_skill3_fore.png	effect_skill3_fore.atlas
0446	effect_skill0.png	effect_skill0.atlas
0447	effect_skill1.png	effect_skill1.atlas
0448	effect_skill1_back.png	effect_skill1_back.atlas
0449	effect_skill1_bao.png	effect_skill1_bao.atlas
0450	effect_skill1_buff.png	effect_skill1_buff.atlas
0451	effect_skill1_huo.png	effect_skill1_huo.atlas
0452	effect_skill1_huogensui.png	effect_skill1_huogensui.atlas
0453	effect_skill1_xuli.png	effect_skill1_xuli.atlas
0454	effect_buff_back.png	effect_buff_back.atlas
0455	effect_buff_fore.png	effect_buff_fore.atlas
0456	effect_daocaoren.png	effect_daocaoren.atlas
0457	effect_dg.png	effect_dg.atlas
0458	effect_hit.png	effect_hit.atlas
0459	effect_skill0_back.png	effect_skill0_back.atlas
0460	effect_skill0_fore.png	effect_skill0_fore.atlas
0461	effect_skill1_back.png	effect_skill1_back.atlas
0462	effect_skill1_fore.png	effect_skill1_fore.atlas
0463	effect_skill1_hit_back.png	effect_skill1_hit_back.atlas
0464	effect_skill1_hit_fore.png	effect_skill1_hit_fore.atlas
0465	effect_skill2_back.png	effect_skill2_back.atlas
0466	effect_skill2_fore.png	effect_skill2_fore.atlas
0467	effect_sg.png	effect_sg.atlas
0468	effect_skill0_fore.png	effect_skill0_fore.atlas
0469	effect_skill2_back.png	effect_skill2_back.atlas
0470	effect_skill2_fore.png	effect_skill2_fore.atlas
0471	effect_skill3_fore.png	effect_skill3_fore.atlas
0472	effect_skill2_hit01_back.png	effect_skill2_hit01_back.atlas
0473	effect_skill2_hit01_fore.png	effect_skill2_hit01_fore.atlas
0474	effect_skill2_hit02_back.png	effect_skill2_hit02_back.atlas
0475	effect_skill2_hit02_fore.png	effect_skill2_hit02_fore.atlas
0476	effect_skill2_juan.png	effect_skill2_juan.atlas
0477	effect_hit.png	effect_hit.atlas
0478	effect_xuanyun.png	effect_xuanyun.atlas
0479	effect_skill0_daoguang.png	effect_skill0_daoguang.atlas
0480	effect_skill0_hit.png	effect_skill0_hit.atlas
0481	effect_skill1_hit.png	effect_skill1_hit.atlas
0482	effect_skill3_long.png	effect_skill3_long.atlas
0483	effect_skill1_shifa_a.png	effect_skill1_shifa_a.atlas
0484	effect_skill1_shifa_b.png	effect_skill1_shifa_b.atlas
0485		skeleton_skill0.atlas
0486	effect_skill1_zhizi.png	effect_skill1_zhizi.atlas
0487	effect_skill1_zhuye.png	effect_skill1_zhuye.atlas
0488	effect_skill2_buff.png	effect_skill2_buff.atlas
0489	effect_skill2_buff_back.png	effect_skill2_buff_back.atlas
0490	effect_skill2_niao.png	effect_skill2_niao.atlas
0491	effect_skill2_shifa.png	effect_skill2_shifa.atlas
0492	effect_skill0.png	effect_skill0.atlas
0493	effect_ready_hit.png	effect_ready_hit.atlas
0494	effect_skill0_hit.png	effect_skill0_hit.atlas
0495		skeleton_skill1_shifa.atlas
0496	effect_skill1.png	effect_skill1.atlas
0497	effect_skill1_hit.png	effect_skill1_hit.atlas
0498	effect_skill1_ready.png	effect_skill1_ready.atlas
0499	effect_skill2.png	effect_skill2.atlas
0500	effect_skill2_hit.png	effect_skill2_hit.atlas
