0001	MISSING	
0002	MISSING	
0003	MISSING	
0004	MISSING	
0005	MISSING	
0006	MISSING	
0007	MISSING	
0008	MISSING	
0009	MISSING	
0010	MISSING	
0011	MISSING	
0012	MISSING	
0013	MISSING	
0014	MISSING	
0015	MISSING	
0016	MISSING	
0017	MISSING	
0018	MISSING	
0019	MISSING	
0020	MISSING	
0021	MISSING	
0022	MISSING	
0023	MISSING	
0024	MISSING	
0025	MISSING	
0026	MISSING	
0027	MISSING	
0028	MISSING	
0029	MISSING	
0030	MISSING	
0031	MISSING	
0032	MISSING	
0033	MISSING	
0034	MISSING	
0035	MISSING	
0036	MISSING	
0037	MISSING	
0038	MISSING	
0039	MISSING	
0040	MISSING	
0041	MISSING	
0042	MISSING	
0043	MISSING	
0044	MISSING	
0045	MISSING	
0046	MISSING	
0047	MISSING	
0048	MISSING	
0049	MISSING	
0050	MISSING	
0051	MISSING	
0052	MISSING	
0053	MISSING	
0054	MISSING	
0055	MISSING	
0056	MISSING	
0057	MISSING	
0058	MISSING	
0059	MISSING	
0060	MISSING	
0061	MISSING	
0062	MISSING	
0063	MISSING	
0064	MISSING	
0065	MISSING	
0066	MISSING	
0067	MISSING	
0068	MISSING	
0069	MISSING	
0070	MISSING	
0071	MISSING	
0072	MISSING	
0073	MISSING	
0074	MISSING	
0075	MISSING	
0076	MISSING	
0077	MISSING	
0078	MISSING	
0079	MISSING	
0080	MISSING	
0081	MISSING	
0082	MISSING	
0083	MISSING	
0084	MISSING	
0085	MISSING	
0086	MISSING	
0087	MISSING	
0088	MISSING	
0089	MISSING	
0090	MISSING	
0091	MISSING	
0092	MISSING	
0093	MISSING	
0094	MISSING	
0095	MISSING	
0096	MISSING	
0097	MISSING	
0098	MISSING	
0099	MISSING	
0100	MISSING	
0101	MISSING	
0102	MISSING	
0103	MISSING	
0104	MISSING	
0105	MISSING	
0106	MISSING	
0107	MISSING	
0108	MISSING	
0109	MISSING	
0110	MISSING	
0111	MISSING	
0112	MISSING	
0113	MISSING	
0114	MISSING	
0115	MISSING	
0116	MISSING	
0117	MISSING	
0118	MISSING	
0119	MISSING	
0120	MISSING	
0121	MISSING	
0122	MISSING	
0123	MISSING	
0124	MISSING	
0125	MISSING	
0126	MISSING	
0127	MISSING	
0128	MISSING	
0129	MISSING	
0130	MISSING	
0131	MISSING	
0132	MISSING	
0133	MISSING	
0134	MISSING	
0135	MISSING	
0136	MISSING	
0137	MISSING	
0138	MISSING	
0139	MISSING	
0140	MISSING	
0141	MISSING	
0142	MISSING	
0143	MISSING	
0144	MISSING	
0145	MISSING	
0146	MISSING	
0147	MISSING	
0148	MISSING	
0149	MISSING	
0150	MISSING	
0151	MISSING	
0152	MISSING	
0153	MISSING	
0154	MISSING	
0155	MISSING	
0156	MISSING	
0157	MISSING	
0158	MISSING	
0159	MISSING	
0160	MISSING	
0161	MISSING	
0162	MISSING	
0163	MISSING	
0164	MISSING	
0165	MISSING	
0166	MISSING	
0167	MISSING	
