0168	effect	effect_skill2.png	0png=13
0169	effect	effect_skill2_hit.png	0png=35
0170	effect	effect_pingmu.png	0png=4
0171	root-other	effct_moxiang.png	0png=84
0172	effect	effect_lizi.png	0png=10
0173	root-other	effct_skill1.png	0png=115
0174	root-other	effct_skill1_back.png	0png=5
0175	effect	effect_back_skill2_hit.png	0png=12
0176	effect	effect_hit.png	0png=9
0177	effect	effect_jian_skill1_ready_back.png	0png=39
0178	effect	effect_skill0_hit.png	0png=40
0179	effect	effect_skill1_hit.png	0png=100
0180	effect	effect_skill1_hit_back.png	0png=2
0181	effect	effect_skill2.png	0png=13
0182	effect	effect_skill2_hit.png	0png=35
0183	effect	effect_fate_fore.png	0png=21
0184	effect	effect_jian_skill1_ready.png	0png=61
0185	effect	effect_skill0_fly.png	0png=10
0186	effect	effect_skill0_fore.png	0png=6
0187	effect	effect_skill0_hit.png	0png=24
0188	effect	effect_skill1_back.png	0png=12
0189	effect	effect_skill1_bullet.png	0png=2
0190	effect	effect_skill1_fore.png	0png=40
0191	effect	effect_skill1_hit.png	0png=11
0192	effect	effect_skill2_buff.png	0png=16
0193	effect	effect_skill2_hit.png	0png=15
0194	root-other	skeleton_back.png	0png=4
0195	root-other	skeleton_moon.png	0png=14
0196	root-other	skeleton_skill0_hit.png	0png=14
0197	root-other	skeleton_skill0_shifa.png	0png=11
0198	root-other	skeleton_skill1_buff.png	0png=29
0199	root-other	skeleton_skill1_fly.png	0png=22
0200	root-other	skeleton_skill1_hit.png	0png=17
0201	root-other	skeleton_skill1_huifu.png	0png=4
0202	root-other	skeleton_skill1_lizi.png	0png=68
0203	root-other	skeleton_skill1_piaodai.png	0png=36
0204	effect	effect_jian_skill1_ready.png	0png=83
0205	root-other	skeleton_skill1_shifa.png	0png=34
0206	root-other	skeleton_skill2_huhua.png	0png=22
0207	effect	effect_bao.png	0png=10
0208	effect	effect_hit_back.png	0png=52
0209	effect	effect_hit_fore.png	0png=50
0210	effect	effect_skill0.png	0png=26
0211	effect	effect_skill0_fly.png	0png=10
0212	effect	effect_skill0_hit.png	0png=11
0213	effect	effect_skill1_back.png	0png=29
0214	effect	effect_skill1_fenwei.png	0png=11
0215	effect	effect_skill1_fore.png	0png=62
0216	effect	effect_skill2.png	0png=40
0217	effect	effect_skill2_hit.png	0png=30
0218	effect	effect_tou_back.png	0png=6
0219	effect	effect_tou_fore.png	0png=28
0220	effect	effect_jian_skill1_ready_back.png	0png=39
0221	effect	effect_jian_fore.png	0png=46
0222	root-other	skeleton_skill0_back.png	0png=18
0223	root-other	skeleton_skill0_hit.png	0png=83
0224	root-other	skeleton_skill0_shifa.png	0png=31
0225	root-other	skeleton_skill1_back.png	0png=52
0226	root-other	skeleton_skill1_buff.png	0png=24
0227	root-other	skeleton_skill1_shifa.png	0png=34
0228	root-other	skeleton_skill1_shifa2.png	0png=92
0229	root-other	skeleton_skill1_xuli.png	0png=7
0230	root-other	skeleton_skill2_back.png	0png=64
0231	effect	effect_hit01.png	0png=21
0232	effect	effect_skill0.png	0png=27
0233	effect	effect_skill0_hit.png	0png=9
0234	effect	effect_skill1.png	0png=26
0235	effect	effect_skill1_back.png	0png=11
0236	effect	effect_skill1_fore.png	0png=103
0237	effect	effect_skill1_hit.png	0png=23
0238	effect	effect_skill2_fore.png	0png=141
0239	effect	effect_skill2_hit.png	0png=45
0240	effect	effect_suduxian.png	0png=6
0241	effect	effect_yc_skill0_fly_yuan.png	0png=11
0242	effect	effect_yc_skill0_fore_yuan.png	0png=10
0243	effect	effect_yc_skill0_hit_yuan.png	0png=7
0244	effect	effect_yc_skill1_back_yuan.png	0png=7
0245	effect	effect_yc_skill1_fore_yuan.png	0png=61
0246	effect	effect_yc_skill1_hit_back_yuan.png	0png=21
0247	effect	effect_yc_skill1_hit_yuan.png	0png=17
0248	effect	effect_jian_back.png	0png=47
0249	effect	effect_fenwei_skill01.png	0png=33
0250	effect	effect_skill0.png	0png=44
0251	effect	effect_skill0_hit.png	0png=58
0252	effect	effect_nvzhu-jian_fore.png	0png=63
0253	effect	effect_skill1.png	0png=46
0254	effect	effect_skill1_hit.png	0png=58
0255	effect	effect_skill0.png	0png=10
0256	effect	effect_skill1_back.png	0png=19
0257	effect	effect_skill0_chongji.png	0png=6
0258	effect	effect_skill1_hit.png	0png=22
0259	effect	effect_skill2.png	0png=80
0260	effect	effect_skill2_back.png	0png=11
0261	effect	effect_skill2_dibao_qian.png	0png=77
0262	effect	effect_skill2_dibao_xia.png	0png=14
0263	effect	effect_skill2_dibao_zhong.png	0png=22
0264	effect	effect_skill2_dibao_zhongxia.png	0png=27
0265	effect	effect_skill2_huiju2.png	0png=75
0266	effect	effect_skill2_xiao_back.png	0png=8
0267	effect	effect_skill2_xiaoza.png	0png=19
0268	effect	effect_skill1.png+effect_skill12.png	0png=100
0269	effect	effect_skill1_back.png	0png=6
0270	effect	effect_nvzhu-jian_back.png	0png=47
0271	effect	effect_skill12.png+effect_skill2.png	0png=44
0272	effect	effect_skill1_back.png	0png=34
0273	effect	effect_skill1_fore.png	0png=35
0274	effect	effect_skill1_lizi.png	0png=8
0275	effect	effect_hit.png	0png=74
0276	effect	effect_skill2_fore.png	0png=29
0277	effect	effect_skill_hit.png	0png=38
0278	effect	effect_skill0.png	0png=21
0279	effect	effect_skill0_fly.png	0png=12
0280	effect	effect_skill1_back.png	0png=15
0281	effect	effect_skill1_back_xue.png	0png=3
0282	effect	effect_skill1_bao.png	0png=65
0283	effect	effect_skill1_fly.png	0png=2
0284	effect	effect_skill1_pingmu.png	0png=1
0285	effect	effect_skill1_shifa.png	0png=64
0286	effect	effect_skill1_shifa-shuaxiao.png	0png=7
0287	effect	effect_buff.png	0png=19
0288	effect	effect_skill2_back_zhuazi.png	0png=6
0289	effect	effect_skill2_bao.png	0png=21
0290	effect	effect_skill3.png	0png=15
0291	effect	effect_skill3_hit.png	0png=12
0292	effect	effect_skill0.png	0png=10
0293	effect	effect_skill1.png	0png=89
0294	effect	effect_skill5.png	0png=9
0295	effect	effect_skill1_hit.png	0png=8
0296	effect	effect_daoguang.png	0png=13
0297	effect	effect_hit.png	0png=32
0298	effect	effect_skill_baodian.png	0png=24
0299	effect	effect_skill_dilie.png	0png=11
0300	effect	effect_skill_heiwu.png	0png=13
0301	effect	effect_skill_juqi.png	0png=33
0302	effect	effect_skill0_fore.png	0png=19
0303	effect	effect_skill01_fore.png	0png=47
0304	effect	effect_skill02_back.png	0png=10
0305	effect	effect_skill02_changjing.png	0png=2
0306	effect	effect_skill5_hit.png	0png=15
0307	effect	effect_skill5_hit_back.png	0png=5
0308	effect	effect_skill02hit_fore.png	0png=71
0309	effect	effect_skill0_fore.png	0png=7
0310	effect	effect_skill01_fore.png	0png=68
0311	effect	effect_skill02_back.png	0png=12
0312	effect	effect_skill02_fore.png	0png=71
0313	effect	effect_appear.png	0png=33
0314	effect	effect_skill02_qilin.png	0png=2
0315	effect	effect_skill02_shuimo_back.png	0png=11
0316	effect	effect_skill02_fore.png	0png=45
0317	effect	effect_buff_back.png	0png=5
0318	effect	effect_skill02hit_dian_fore.png	0png=10
0319	effect	effect_skill02hit_fore.png	0png=106
0320	effect	effect_skill02kuo_back.png	0png=7
0321	effect	effect_skill02kuo_fore.png	0png=7
0322	root-other	skill0_fore.png	0png=8
0323	root-other	skill0_hit.png	0png=9
0324	root-other	skill1_back.png	0png=17
0325	root-other	skill1_fore.png	0png=35
0326	root-other	skill1_hit1.png	0png=24
0327	root-other	skill1_hit2.png	0png=53
0328	root-other	skill1_hit2_back.png	0png=7
0329	effect	effect_skill0.png	0png=4
0330	effect	effect_skill1.png	0png=34
0331	effect	effect_skill1_back1.png	0png=23
0332	effect	effect_buff_fore.png	0png=25
0333	effect	effect_skill1_gs01.png	0png=5
0334	effect	effect_skill1_hit_back.png	0png=9
