编号,图集文件,发生位置,运动大类,具体形态,主体轮廓,元素主类,质感细分,阶段结构,规模,主色调,辅色调,视觉组件,细节描述,适用技能关键词
0061,effect_buff.png,施法者身上+环绕角色,附着类+环绕类,环绕光环+脉冲闪烁,圆环形+同心圆+星形,火+光,灼热光膜+中心星芒+火星飞溅,循环播放,中型,橙红,亮黄+亮白,圆形光环+同心火圈+中心星芒+边缘火星+小图标,一列橙红圆形光盘从较暗的外环逐步变为白芯强闪，盘内的放射星芒有八条以上尖刺；外沿伴随零散火星和断续弧线，左上另附一个带绿色宝石的小型袋状图标。,火焰增益+角色光环+攻击强化+持续状态
0062,effect_skill2_back2_b.png,施法者前方+目标区域,复合类,弧形连斩+晶体震荡+残影扩散,月牙形+晶簇形+扇形,暗+火+奥术,暗红刃光+紫色晶面+粉紫内焰,主体释放→范围展开→残留余韵,大型,紫色,深红+粉紫,红黑弧形刀光+多面晶体块+竖向斩痕+小型白光点,上排是一串由黑红边缘包住的弯月刀痕，右侧又拆出数枚竖直短刃；下排六块紫蓝多面晶体各带粉红中心裂光，刀光与晶块的材质反差非常明显。,暗红连斩+晶体爆发+范围斩击+奥术大招
0063,effect_skill0.png,施法者前方+目标区域,场域类+环绕类,符文旋转+地面法阵+环形震荡,符文阵+圆环形+菱形,火+光+奥术,金色符文+熔融光圈+炽热余烬,蓄力起手→范围展开→持续维持,大型,金黄,橙红+青绿,大型符文法阵+双环火圈+菱形星标+弧形火带+余烬颗粒,左下的大型金黄法阵以青绿外辉包住，环带上排满可见符文，中心是三叉状标记；其余图块包含可开合的橙色双环、菱形星标和多段半圆火带，边缘散有细小余烬。,神圣法阵+火系结界+范围增益+符文施法
0064,effect_skill0_hit.png,目标身上+目标区域,爆发类,中心爆炸+交叉冲击+碎片外溅,星形+菱形+弧带形,火+光,爆燃火团+白热光核+火星碎屑,命中爆点→碎片扩散→渐隐消散,中型,橙红,亮白+金黄,交叉光刃+横向火带+菱形火星+小型颗粒,素材主轴是数枚横向拉长的橙黄爆燃团，白色核心由左右尖锐光刃穿出；下方单独放有五角状白芯爆点和菱形火星，旁边的细环与点粒让命中后外溅更完整。,火系命中+交叉爆破+单体爆点+灼热碎片
0065,effect_skill1.png,施法者前方+目标区域,复合类,能量柱升起+弧形挥砍+云团扩散,柱形+月牙形+云团形,火+水+光,火焰卷边+水蓝能量焰+白色烟云,主体释放→范围展开→碎片扩散→残留余韵,超杀级,橙红,湛蓝+亮白,蓝色尖柱+橙色月牙+白色云团+竖向光束+星形节点,图集把蓝色尖锥能量柱、橙色钩形月牙和大块白色云团并置，另有一根由橙到白的竖向光束；零散的蓝色软块与小星状节点分散在上方，呈现冷暖交替的大范围组合。,元素混合+范围爆发+光柱技能+大型施法
0066,effect_skill1_back.png,地面+施法者前方,场域类,地面法阵+符文散布+能量池展开,圆环形+矩形+不规则能量团,火+水+奥术,熔融符牌+液态蓝光+暗色剪影,范围展开→持续维持→渐隐消散,中型,橙红,深蓝+黑色,橙色符牌+环形排列+蓝色能量池+地面剪影+横向暗条,左侧以八枚橙色圆角符牌围成不完整圆阵，中央还有一枚较大的独立符牌；中部放置一汪蓝色椭圆能量池，右边则是被橙边勾出的黑色地面剪影与长条阴影，前后景分层清楚。,地面法阵+符文召唤+能量池+施法背景
0067,effect_skill1_buff.png,施法者身上+施法者前方,附着类,方向性光带附着+持续增幅,扇形+带状+点状,火+光,炽热流光+硬边拖尾+金色微粒,持续维持→循环播放,中型,橙红,金黄+亮白,层叠光带+横向速度线+短碎片+圆形徽记,图块全由橙黄长带组成，每条前端平钝、尾端撕裂成数根水平细丝，带内有明显的白色拉长高光；左下角附着一枚圆形小徽记和半环短片，整体更像贴身加速或攻击强化的前景光效。,火焰增幅+速度强化+角色附光+持续Buff
0068,effect_skill1_buff_back.png,环绕角色,环绕类+附着类,符文旋转+环绕光环,圆环形+圆角矩形,火+光,金色符牌+双层辉光+细密符文,循环播放,中型,金黄,橙红+亮白,多层圆环+环内符牌+漂浮矩形符片+小白光点,左侧是一枚厚重的金黄色双层圆环，内外圈都排有小型符牌并留出四处分节；右侧分散八块同样带横纹的圆角符片，环的中心保持空透，适合角色脚下或身周的循环符文层。,金色光环+符文Buff+角色环绕+防护增益
0069,effect_skill1_hit.png,目标身上+目标区域,复合类,连续爆破+环形震荡+碎片外溅,不规则能量团+圆环形+波浪形,火+水+光,爆燃火团+液态蓝光+白色冲击膜,命中爆点→碎片扩散→残留余韵→渐隐消散,超杀级,橙红,湛蓝+亮白,橙色爆团+蓝色水带+白色冲击片+环形光圈+方形符片,图集中有多枚内部带蓝色小人形残影的橙色椭圆爆壳，周围混入弯曲蓝色水带、白色半透明冲击片和橙色星爆；右下还有一块棕橙焦灼团，说明它包含命中本体、外圈震荡与落点残留三层。,复合命中+火水爆炸+范围震荡+终结爆点
0070,effect_skill1_hit_back.png,目标区域+地面,复合类,状态印记附着+地面光环+能量池残留,椭圆形+圆环形+云团形,火+水+光,橙色光膜+蓝色电纹+金色符光,命中爆点→残留余韵→持续维持,大型,橙红,深蓝+金黄,椭圆状态壳+蓝色闪电纹+金色圆环+蓝色能量池+白色云片,上方和中段排有多枚橙色椭圆状态壳，壳内不是纯色而是嵌着蓝色闪电状纹路；底部另放金黄圆环、蓝色水池、白色云片和黑色阴影片，表现命中后仍保留不同位置的场地层。,状态附着+地面残留+金色光环+元素印记
0071,effect_skill1_yun.png,地面+目标区域,场域类+持续类,云团扩散+阴影铺地,云团形+带状+点状,水+暗,柔边水雾+黑色阴影膜+冷色流纹,范围展开→持续维持→渐隐消散,中型,湛蓝,黑色+湖蓝,蓝色云块+扁平阴影带+竖向水雾+零散水滴,左下是一条被黑边压住的宽扁阴影带，上方叠着深黑云片；右侧则排布大量湖蓝软云和数枚竖向雾柱，云团内部留有浅蓝流纹与少量小水滴，明显用于地面范围的冷色铺层。,水雾领域+地面阴影+范围持续+环境云层
0072,effect_skill2_fore.png,施法者前方+两者之间飞行+目标身上,复合类,回旋飞斩+星形爆点+环形切割,月牙形+星形+圆环形,暗+火+奥术,暗红刀光+紫色光核+尖刺星芒,主体释放→持续飞行→命中爆点→碎片扩散,超杀级,深红,紫色+粉紫,多层月牙刃+红色星爆+紫色光球+螺旋环迹+黑色残影,图集内密集分布黑红双层月牙刃，许多刃口围成半圈或螺旋；左侧和下方配置数枚带紫色核心的红色尖刺星爆，中间还有圆形暗红光球和多条黑色残影，适合多次回旋后强制收束的技能。,暗红回旋斩+星爆命中+奥术连击+大招前景
0073,effect_skill2_fore_a.png,施法者前方+两者之间飞行,挥砍类,残影连斩+弧线飞行,月牙形+弧带形,物理刀光+暗,暗红刃光+黑色内阴影+硬边拖尾,主体释放→持续飞行→渐隐消散,中型,深红,黑色+橙红,细长月牙刃+钩形斩痕+短碎片+红黑残影,整张小图集只保留红黑两色的纯斩击部件：最长的弯刃呈钩状折返，短一些的则像被截断的半月；每一片都沿内缘压有黑影并在外缘留下红色硬边，适合独立叠加为多次挥砍残影。,暗红斩痕+多段挥砍+近战残影+飞行刀光
0074,effect_skill3.png,施法者前方+目标区域,复合类,能量柱升起+高速扫带+爆燃收尾,柱形+带状+星形,水+火+光,蓝色能量焰+橙色爆燃+速度拉丝,主体释放→范围展开→命中爆点→残留余韵,超杀级,深蓝,橙红+亮白,蓝色尖柱+横向扫带+橙色星爆+火焰团块+菱形亮标,左下铺开数丛锯齿状深蓝能量柱，右侧又有多道横向蓝色高速扫带；其间插入橙红半环、白芯星爆、菱形亮标和一块焦灼火团，冷色柱体与暖色命中部件被清楚拆分。,冰蓝能量柱+火焰收尾+范围扫击+复合终结
0075,effect_skill3_back.png,地面+施法者前方,场域类,符文法阵+内聚光环,符文阵+圆环形,火+光+奥术,金色符文+青色外辉+熔融内环,蓄力起手→持续维持→渐隐消散,中型,金黄,青绿+橙红,大型符文圆盘+青色外发光+小型熔融内环+白色光点,左侧的主图块是一枚边缘带青绿荧光的金黄符文圆盘，外围有尖角装饰，内圈满是环形文字与旋涡标志；右侧配套一枚橙色熔融内环和一粒白光，规模小于0063但构图更集中。,符文起手+金色法阵+光系蓄力+技能背景
0076,effect_skill3_hit.png,目标身上,爆发类,直线冲击条+末端星形爆点,柱形+圆角矩形+星形,水+火+光,平滑能量渐变+白热光核,持续飞行→命中爆点,小型,湖蓝,橙红+亮白,蓝色长能量条+橙色短胶囊+红色星形终点+白色小点,图集仅由四段极简横向部件构成：最长的是由深蓝过渡到浅蓝的圆角能量条，中间接一枚橙色短胶囊，末端是红色方形底上的白芯星芒，另有一颗单独白点作为过渡闪光。,直线命中+双色能量条+小型爆点+弹道收尾
0077,effect_skill0.png,施法者前方+目标区域,复合类,月牙扫击+沙尘旋涡+星点爆散,月牙形+漩涡形+星形,水+风+光,液态蓝光+砂砾旋涡+多色星屑,主体释放→范围展开→碎片扩散→渐隐消散,大型,湛蓝,土黄+橙红,蓝色月牙浪+褐色旋涡环+星形闪点+水滴粒子+菱形光标,左下排出数道厚重蓝色月牙浪，弧内留有明亮水纹；中部与右侧穿插褐黄色扁平旋涡和粗砂状团块，最上方则散落蓝橙两色星点、菱形亮标与圆形光核，是水流、风沙和闪光同时存在的组合。,风水混合+旋涡扫击+范围星爆+元素复合
0078,effect_skill3_back.png,施法者前方+两者之间飞行,空间类+投射类,传送门展开+扇形冲击波,圆环形+扇形+柱形,空间+暗+火,空间裂隙+深蓝能量片+红色边缘辉光,主体释放→持续飞行→渐隐消散,大型,深蓝,深红+黑色,红黑传送门+蓝色扇形冲击片+环形涡纹+竖向暗影柱,图集中六组红黑椭圆门框都朝一侧喷出成排深蓝扇形能量片，门内可见黑色竖向暗影；两组中间形态转为蓝色环涡和红边长尾，清楚展示由门框开启到扇面冲出的空间波动。,空间传送门+暗影冲击+扇形投射+位移技能
0079,effect_skill0_hit_fore.png,目标身上+目标区域,复合类,链式跳跃+冰晶爆点+粒子飘散,链状+星形+不规则能量团,冰+水+光,冰晶碎片+水蓝光膜+星尘闪烁,命中爆点→碎片扩散→残留余韵,超杀级,天蓝,亮白+橙红,链式光节点+雪花晶粒+蓝色花状爆团+长条光盘+橙色星屑,中央横向排着多串由椭圆蓝色节点连接的链式光带，节点之间缀满小雪花；左下和右侧分别有花状蓝白爆团、纵向冰晶柱和扁平光盘，右上又混入一串橙色星屑，使这套命中特效具有连锁和冻结两层细节。,冰链跳跃+水蓝爆点+冻结受击+连锁技能
0080,effect_skill1_back.png,地面+施法者前方,场域类+升起类,地面能量池+环形禁锢+裂隙升起,圆环形+不规则能量团+带状,暗+水+奥术,暗紫裂隙+液态蓝池+符号状冰环,蓄力起手→范围展开→持续维持,中型,深蓝,紫色+湖蓝,蓝色能量池+圆形符号环+紫色裂隙带+小白光点,下方是一汪椭圆深蓝能量池，水面压着浅蓝旋纹；右下独立放有一枚由连续卷曲符号围成的亮蓝圆环，而上半部是一组深紫色不规则裂隙带和弯折细线，构成地面池、禁锢圈与上升暗痕三层。,暗水法阵+地面禁锢+能量池+奥术起手
