source_row,GW,ToD,Bl+Br,Bl+G,Bl+P,Bl+R,Bl+Y,Br+G,Br+P,Br+R,Br+Y,G+P,G+R,G+Y,P+R,P+Y,R+Y,Notes,tags (lower case only),Position 1,Position 2,Position 3,Position 4,Hero Class,Banner,Code
2,,,,,,,,,,,,,,,,,,HOW TO FILTER TEAMS:,,,,,,,,
3,Bl,Bl,X,X,X,X,X,,,,,,X,,,,,,summon,Jar of Eyes,The Maraji Queen,Aquaticus,The Possessed King,Tidecaller/Corsair/Frostmage,Trident,"[1222,6751,6770,6594,3036,1,2,3,3,0,0,0,14025]"
4,,,,,,X,X,,,,,,,X,,,,,,Earth's Fury,Apothecary,High King Irongut,Gimlet Stormbrew,Titan,Bear,"[1199,6256,6650,6590,3010,2,2,2,3,2,3,2,14012]"
5,,Y,,X,,,X,X,,,X,,,X,,X,X,,,Mountain Crusher,The Worldbreaker,High King Irongut,Queen Aurora,Titan,Kraken,"[1056,6471,6650,6365,3026,2,2,2,3,2,3,2,14012]"
6,,Y,,,,,X,,X,,X,,,X,X,X,X,,,Divine Protector,Infernus,Ubastet,Divine Ishbaala,Priest/Titan,Wolf,"[1192,6366,6553,6479,3008,3,2,1,1,2,0,0,14003]"
7,,,,,,,,,,,X,,,X,X,,X,,cleanse,Mountain Crusher,Divinia,Ketras the Bull,Divine Ishbaala,Titan,Eagle,"[1056,6540,6339,6479,3067,3,2,1,1,2,0,0,14003]"
8,P,P,,,X,X,,,X,X,,X,,,X,X,,,farm,The Dragon Soul,Pharos-Ra,Phylactery,Umberwolf,Necromancer,Abyssal,"[6236,6297,1090,6453,3021,2,1,2,3,0,0,0,14006]"
9,,,,,,X,,,,,,,X,X,,,,,,Mountain Crusher,TINA-9000,Apothecary,Gimlet Stormbrew,Mechanist,Rat,"[1056,6699,6256,6590,3049,3,1,1,1,1,0,0,14007]"
10,,P,,,X,,,,X,,,X,,,X,X,,,summon,Glaycion,Jar of Eyes,Zuul'Goth,Queen Aurora,Tidecaller,Frozen,"[6565,1222,6529,6365,3011,1,2,3,3,0,0,0,14025]"
11,,,,,X,,,,,,,,,,X,,,,,Mountain Crusher,Clockwork Sphinx,Tesla,Arachnaean Weaver,Titan,Slayer,
12,Br,Br,X,,,,,X,X,X,X,,,,,,,,,Mountain Crusher,Emperor Khorvash,Famine,King Highforge,Titan,Bear,
13,G,G,,X,,,,X,,,,X,X,X,,,,,,Webspinner,Stringfiddler,King Bloodwood,Yasmine's Chosen,None,Dark Elven,
14,,,X,X,,,X,,,,,,X,,,,,,summon,Jar of Eyes,Glitterclaw,King Bloodwood,The Maraji Queen,Frostmage,Ocularen,
15,,,,,,,,,X,X,,,,,,,X,,,Alchemist,Moneylender,Queen Titania,Megavore,None,Meteor,
16,,,X,,X,X,,X,,,,X,X,,,,,,,Mountain Crusher,Obsidius,Apothecary,The Possessed King,Titan,Slayer,
17,,,,,,,X,,,,X,,X,,X,,X,,cleanse,Mountain Crusher,Divinia,Megavore,Queen Aurora,Titan,Guardian,
18,,,,,X,,,,,,,X,,,,X,X,,,Rock Troll,Dragon's Eye,Euryali,Scorpius,Titan,Dark Elven,
19,,P,,,X,,,X,X,,X,X,,,X,X,,,,Mountain Crusher,Glaycion,The Gray King,Queen Aurora,Titan,Slayer,"[1056,6565,6789,6365,3035,2,2,2,3,2,3,2,14012]"
20,,,X,,,,,X,X,,,,,,X,,,,,Doomed Blade,Keeper of Souls,King Bloodhammer,The Possessed King,Titan,Sorrowful,
21,,,X,,,,,X,X,,,,,X,,X,,,,Wrath,Doomed Club,The Wild Queen,The Possessed King,Archer,Mushroom,
22,G,G,,X,,X,,X,,,,X,X,X,,,,,cleanse,Dark Maiden,Glitterclaw,Mercy,The Worldbreaker,None,Ocularen,
23,Br,Br,X,,,,,X,X,X,X,,,,,,,,,Ragnagord,Emperor Khorvash,Diviner,Ubastet,None,Bear,
24,Bl,Bl,X,X,X,X,X,,,,,,,,,,,,summon,Jar of Eyes,Emperor Khorvash,Champion of Anu,Queen Mab,Frostmage,Sorrowful,
25,,R,,,,X,,,,X,,,X,,X,,X,,,Champion of Gaard,Shield of Urskaya,Sekhma,Tesla,Sunspear,Saurus,"[6745,1221,6354,6320,3050,2,2,1,2,0,0,0,14016]"
26,,Br,X,,,,,X,X,X,X,,,,,,,,,Wrath,Doomed Blade,Keeper of Souls,Doomclaw,Titan/Frostmage,Kraken,
27,P,P,,,X,,,,X,,,X,X,,X,X,,,,Asha,Infernus,Elemaugrim,Umberwolf,None,Old God's,
28,,,,,,,,,X,,X,,,,X,X,,,,Mountain Crusher,Clockwork Sphinx,Gaard's Avatar,Divine Ishbaala,Titan,Guardian,
29,,,X,,,X,,,,,,,X,,,,,,giant,Flammifer,Jarl Firemantle,Jotnar Stormshield,Hyndla Frostcrown,Titan,Meteor,
30,,,,,,X,,,,,,X,X,,,,,,,Flammifer,Queen Titania,Phoenicia,Tai-Pan,Titan/Sunspear,Crypt,
31,Bl,Bl,X,X,X,X,X,,,,,,,,X,,,,,Azura,Champion of Anu,Undine,Skadi,None,Frozen,
32,Br,Br,X,,,X,,X,X,X,X,,,,,,,,,Stonehammer,Doomed Club,King Bloodhammer,Doomclaw,?,Bear,
33,,G,,X,,X,,X,,,,X,X,X,,,,,,Flammifer,Yao Guai,Suna,Tai-Pan,Titan,Meteor,
34,Bl,Bl,X,X,X,X,X,,,,,,,,,,,,,Azura,Emperor Khorvash,Undine,Queen Mab,None,Frozen,
35,P,P,,,X,,,,X,,,X,,X,X,X,X,,cleanse,Divine Ishbaala,Infernus,Suna,Voice of Orpheus,None,Crypt,
36,G,G,,X,,,,X,,,,X,X,X,,,,,,Webspinner,Yasmine's Chosen,Dark Maiden,Queen Aurora,None,Ocularen,
37,P,P,,,X,,,,X,,X,X,,,X,X,,,,Glaycion,Divine Ishbaala,Infernus,Abynissia,None,Lantern,
38,,,,,,,,,,,,,,,X,,X,,,Wall of Bones,Grave Seer,Death,The Widow Queen,None,Abyssal,
39,,,,,,,,,,,,,,X,,,,,,Humility,Humility,Draakulis,Moon Rabbit,None,Talon,
40,,,,,,X,,,,,,,X,X,,,,,,Chief Dargon,Marilith,Euryali,Tai-Pan,None,Saurus,
41,P,P,,,X,,,,X,,X,X,,,X,X,,,,Hellcat,Infernus,Elemaugrim,Fallen Valdis,None,Abyssal,
42,,,,,,,X,,,,,,,,,,,,,Humility,Lady Anariel,Behemoth,Plague,None,Trident,
43,,,X,,,,,X,,,,,,,,X,,,,Wrath,Glaycion,Queen of Sin,The Possessed King,None,Slayer,
44,,R,,,,X,,,,X,,,X,,X,X,X,,summon,Jar of Eyes,Chief Dargon,Medea,Tian Yi,?,Saurus,
45,Br,Br,X,,X,X,,X,X,X,X,,,,,,,,,Mountain Crusher,High King Irongut,Obsidius,Vash'Dagon,Titan,Guardian,"[1056,6650,6746,6700,3042,2,2,2,3,2,3,2,14012]"
46,,,,,,,,,,,,,,,X,,,,,War,Infernal King,Qilin,Moon Rabbit,None,Lantern,
47,,,,,X,,,,,,,X,,X,,,,,summon,Giant Spider,Green Seer,Wulfgarok,The Possessed King,None,Riven,
48,,,X,,,,,X,,,,X,,X,,,,,,Mountain Crusher,Diviner,Glitterclaw,Xathenos,Titan,Guardian,
49,,,,,,,,,,X,,,,,X,,,,summon,Orc,Gargantaur,Drake Rider,Gar'Nok,None,Crypt,
50,,,,,,,,,,X,,,,,X,X,,,summon,Shade of Zorn,Sekhma,Glaycion,Gar'Nok,None,Dragon,"[6747,6354,6565,6135,3019,2,2,2,3,2,3,2,14012]"
51,,G,,X,,,,X,,,,X,X,X,,,,All around classic,,Shield of Urskaya,Rowanne,Leprechaun,Leprechaun,Leveler,Wolf's,"[1221,6087,6638,6638,3008,1,1,2,2,0,0,0,14018]"
52,,,,,,,X,,,,,X,,X,,X,,,,Essence of Evil,Hellcat,The Worldbreaker,The Possessed King,Sunspear,Beastly,"[1220,6216,6471,6594,3068,2,2,1,2,3,0,0,14016]"
53,,P,,,X,,,,X,X,,X,,,X,X,,Souls Farm,farm,Mountain Crusher,Pharos-Ra,Flesh Golem,Keeper of Souls,Leveler,Slayer,"[1056,6297,6055,6074,3035,2,1,1,1,2,0,0,14031]"
54,,Bl,X,X,X,X,X,X,,,,,,,,,,Gobtruffle variant,,Forest Troll,King Gobtruffle,Skeleton Key,The Possessed King,Warden,Mushroom,"[6419,6759,1214,6594,3053,3,3,2,2,2,3,1,14002]"
55,,,,X,,,,,,,,,,X,,,,Classic Gold Farm,"farm, summon",Cedric Sparklesack,Egg Thief,Skeleton Key,Greed,Thief,Rat,"[6498,6629,1214,6600,3049,1,1,2,1,0,0,0,14017]"
56,,,X,,,,,X,,X,,,,,,,,"Sometimes fast, often risky, always fun",,The Lord of Slaughter,Mountain Crusher,Wrath,Glaycion,Sentinel,Hive,"[6890,1056,6604,6565,3060,2,2,2,3,2,0,0,14022]"
57,,,,,,,,,X,,X,,,,,,,Early Game,,Mountain Crusher,Gargoyle,Faunessa,Luther,Sentinel/Titan,Bear,"[1056,6622,6154,6081,3010,2,2,2,3,2,0,0,14022]"
58,Y,Y,,,,,X,,,,X,,,X,,X,X,Bard/Wildfolk,"wildfolk, pan's vale",Spiked Manriki,Luna,King Silenus,Starflower,Bard,Talon,"[1278,6659,6384,6732,3023,3,2,2,3,3,3,0,14013]"
59,Y,Y,,,,,X,,,,X,,,X,,X,X,Bard/Wildfolk,"wildfolk, pan's vale",Spiked Manriki,Luna,King Silenus,Faunessa,Bard,Talon,
60,,,,,,,,,,,,,,,,,,Priest,,Treant,Alchemist,Valkyrie,Banshee,None,Scales,
61,,,,,,X,X,,,X,X,,,,,,,Soul Farming,farm,Warlock,Valkyrie,Warlock,Warlock,None,Lantern,
62,,,,,,X,,,,,,,X,,,,,Traitstone Farming,farm,Sunbird,Rowanne,Fire Bomb,Fire Bomb,None,Abyssal,
63,,,,,,,,,,,,,,,,,,Goblins,"goblin, summon",Nobend Brothers,Queen Grapplepot,Princess Fizzbang,Goblin King,None,Dark Elven,
64,,,,X,X,,,,X,,,,,,,,,Freeze Team,,Forest Troll,Nyx,Kraken,Queen Mab,None,Frozen,
65,,Y,,,,,X,,X,,X,,,X,X,X,X,Divines,divine,Divine Protector,Infernus,Ubastet,Divine Ishbaala,Priest,Dragon,
66,,,,,,,,,,,,X,X,,,,,Early Game,summon,Dark Maiden,Amira,Giant Spider,Spirit Fox,None,Woodland,
67,,,,,,,,,,,,,,X,,,,Early Game PVP,,Herdmaster,Soothsayer,Valkyrie,Druid,None,,
68,,,,,X,,,,,,,,,,,,,Early Game,summon,Behemoth,Green Seer,Giant Spider,Black Manacles,Sorcerer,,
69,,,,,,X,X,,,,,,X,X,,,,Early Game,cleanse,Golden Cog,Valkyrie,Rowanne,Mercy,Archer,,
70,,,,,,,,,,,,,,,,,,Early Game,,Honor,Deep Borer,Settite Warrior,Paladin,None,,
71,,,,,X,,,,,,,X,,X,,,,Early Game,,Green Seer,Rowanne,Siren,Siren,None,,
72,,,,,,,,,,,,,,,,,,Beginner,,Creeper,Wraith,Ghoul,Sunsail,None,Any Matching,
73,,,,,,,,,,,,,,,,,,Beginner,,Templar,Centaur Scout,Armored Boar,Bandit,None,green/yellow,
74,,,,,,,,,,,,,,,,,,Beginner,,Clockwork Sphinx,Spider Swarm,Serpent,Goblin,None,brown/purple,
75,,,,,,,,,,,,,,,,,,Beginner,,Golden Cog,Clockwork Sphinx,Rowanne,Cockatrice,Bard/Priest,,
76,,,,,X,,,,,,,,,,,,,Early Game,cleanse,Anointed One,Hellcat,Sekhma,Mercy,None,,
77,,,,,,,,,,,,,,,,,,Beginner,,Luther,Goblin,Skeleton,Dimetraxia,None,,
78,,,,,,,,X,,,X,,,X,,,X,Beginner,,Ranger,Ranger,Alchemist,Ranger,None,,
79,,,,,,,,,,,,,,,,,,Beginner,summon,Dragotaur,Baby Dragon,Dragon Eggs,Dragonian Rogue,None,,
80,,,,,,,X,,,,,,X,X,,,,PvP Defense,summon,Grave Seer,Life and Death,Arachnaean Weaver,King Avelorn,Orbweaver,,
81,,,,,,,,,,,,,,X,X,X,,PvP Defense,,Divine Ishbaala,Rope Dart,Qilin,Moon Rabbit,Thief,,
82,,,X,X,X,,,,,,,,,,,X,,PvP Defense,,Essence of Evil,Moonsinger,The Wild Queen,Malcandessa,Monk,,
83,,,,,,,,,,,,,,,,,,Beginner,summon,Deep Borer,Loyalty,Dragotaur,Dragon Eggs,None,,
84,,,,,,,,,,,,,,X,X,X,,PvP Defense,,Rope Dart,Divine Ishbaala,Qilin,Moon Rabbit,Monk,,
85,,,,X,X,,,,,,,,X,,,,,PvP Defense,goblin,Toadsqueezer,Norbert’s Turnip,Stringfiddler,King Gobtruffle,Thief,,
86,,,,,,,,,,,,X,,X,,,,Green Guild War Defense,cleanse,Savage Hunter,Divine Ishbaala,Rope Dart,Mercy,Frostmage,,
87,,,X,,,,,,,X,,,,,,,,Beginner,,Rock Worm,Rock Worm,Deep Borer,Rock Worm,None,,
88,P,P,X,X,X,X,X,,X,,,X,,,X,X,,Intermediate Guild Wars Purple,,Psion,Burning Scythe,Lyrasza,The Possessed King,Archmagus,Night,"[6151,1124,6847,6594,3063,1,3,3,1,0,0,0,14028]"
89,,BL,,,,,,,,,,,,,,,,Intermediate Guild Wars Purple,,Psion,Burning Scythe,Lyrasza,The Possessed King,Archmagus,Night,"[6151,1124,6847,6594,3063,1,3,3,1,0,0,0,14028]"
90,,Y,,,,,X,,,,X,,,X,,X,X,<300 Yellow Delve,,Finesse,Finesse,Essence of Evil,Finesse,Stormcaller,Talon,"[6834,6834,1220,6834,3023,2,2,3,2,2,0,0,14030]"
91,,,,,,,,X,X,,,,,X,,X,,Wrath of Storms,,Wrath,Doomed Axe,Moon Rabbit,The Possessed King,Stormcaller,Guardian,
92,,,,,,,,,,,,,,,,,,Beginner,,Deep Borer,Valkyrie,Elven Bard,Rock Spirit,None,,
93,,,,,,,,,,,,,X,X,,,,Green Guild War Defense,cleanse,Savage Hunter,Queen Beetrix,Doomed Scythe,Gimlet Stormbrew,Frostmage,,
94,,Bl,X,X,X,X,X,X,,,,,,X,,,,PvP Defense,cleanse,Emerald Tear,Queen Beetrix,Mistralus,Mercy,Tidecaller,,
95,,P,,,X,,,,X,X,,X,,,X,X,,PvP Defense,summon,Daughter of Ice,Drowned Sailor,Zuul'Goth,Jar of Eyes,Frostmage/Assassin,,
96,,,,,,,,,X,,,X,X,,X,,,PvP Defense,,Carnex,TINA-9000,Rope Dart,Leprechaun,Mechanist,,
97,,,,,,,,X,,,X,,,,,,,Early Game,,Mountain Crusher,Gargoyle,Elwyn,Luther,Titan,Bear,
98,,,,,X,,,,,,,,,,,,,Fastest level 1 explore,,Black Manacles,Rowanne,Leprechaun,The Maraji Queen,None,Trident,
99,,,X,,,X,,,X,,,,,,X,,,Soul Skulls,farm,Mountain Crusher,Dark Troll,The Infernal Machine,Pharos-Ra,Titan,Slayer,
100,,X,,,,X,,,,X,,,X,,X,,X,Lord Doomskull,cleanse,The Lord of Slaughter,Mountain Crusher,Divinia,Obsidius,Titan,Eagle,
101,,,,,X,,,X,,,,X,,,,,,PvP Defense,cleanse,Essence of Evil,Goblin Shaman,Queen Beetrix,Leprechaun,Monk,,
102,,Bl,X,X,X,X,X,,,,,,,,,,,Gobtruffle variant,,Forest Troll,King Gobtruffle,Doomed Glaive,The Maraji Queen,Warden,,
103,,,,,,,,,,,,,X,X,X,X,,PvP Defense,,Rope Dart,Qilin,Moon Rabbit,The Possessed King,Frostmage,,
104,,,,,,,,,,,,,X,X,X,X,,Brown Guild War Defense,,Wulfgarok,Gimlet Stormbrew,Spirit Fox,Doomed Codex,Monk,,
105,,X,,,,X,,,,X,,,X,,X,,X,PvP Defense,cleanse,Ferocity,Mountain Crusher,Ketras the Bull,Voice of Orpheus,Shaman,,
106,,,,,X,,,X,,,,X,X,,,,,PvP Defense,,Norbert’s Turnip,Stringfiddler,King Gobtruffle,Obsidius,Shaman/Thief,,
107,Y,Y,,,,,X,,,,X,,,X,,X,X,PvP Defense,cleanse,Divine Ishbaala,Doomed Axe,Qilin,Sister Superior,Priest,,
108,,,,,,,X,,,,,,X,X,,,,PvP Defense,summon,Lamashtu,Life and Death,Arachnaean Weaver,King Avelorn,Orbweaver,,
109,,,,,,,,,,,,X,X,,,,,PvP Defense,cleanse,Webspinner,Sister Superior,Dragon's Eye,Fist of Zorn,Thief,,
110,G,G,,X,,,,X,,,,X,X,X,,,,,"beast, maugrim woods",Doomed Libram,Wulfgarok,Forest Guardian,Fenrir,Warden,Ocularen,"[1181,6300,6298,6162,3039,3,3,2,2,2,3,1,14002]"
111,,R,,,,X,,,,X,,,X,,X,,X,Red ToD,,Shield of Urskaya,Harpy Mage,Tesla,Tesla,Sentinel,Bear,"[1221,6754,6320,6320,3010,2,2,2,3,2,0,0,14022]"
112,,,,,,X,,,,,,,,,X,X,,Blue Guild War Defense,,Drowned Sailor,Scurvy Seadog,Doomed Tome,Queen Mab,Tidecaller,,
113,,,,X,X,,,,,,,,X,,X,,,PvP Defense,,Essence of Evil,The Wild Queen,Leprechaun,The Maraji Queen,Frostmage,,
114,,P,,,X,,,,X,X,,X,,,X,X,,Blue Guild War Defense,,Wulfgarok,Daughter of Ice,Doomed Tome,Drowned Sailor,Monk,,
115,,B,X,X,X,X,X,,,,,,,,,,,PvP Defense,cleanse,Moonsinger,Dragon's Eye,Queen Beetrix,Malcandessa,Archer,,
116,,,,,,X,,,,,,X,X,,,,,Classic,,Flammifer,Yao Guai,Queen Titania,Tai-Pan,Titan,,
117,,G,,X,,,,X,,,,X,X,X,,,,PvP Defense,,Doomed Club,Child of Summer,Yao Guai,First Mate Axelubber,Plaguelord,,
