source_row,GW,ToD,Bl+Br,Bl+G,Bl+P,Bl+R,Bl+Y,Br+G,Br+P,Br+R,Br+Y,G+P,G+R,G+Y,P+R,P+Y,R+Y,Notes,tags (lower case only),Position 1,Position 2,Position 3,Position 4,Hero Class,Banner,Code,Submitted by (Thanks!),Status
2,Y,Y,,,,,X,,,,X,,,X,,X,X,Bard/Wildfolk,,Spiked Manriki,Luna,King Silenus,Starflower,Bard,Talon,"[1278,6659,6384,6732,3023,3,2,2,3,3,3,0,14013]",Terribler Person,Added
3,,,,,,,,,,,,,,,,,,Beginner,,Creeper,Wraith,Ghoul,Sunsail,None,Any Matching,,Terribler Person,Added
4,,,,,,,,,,,,,,,,,,Beginner,,Templar,Centaur Scout,Armored Boar,Bandit,None,green/yellow,,Terribler Person,Added
5,,,,,,,,,,,,,,,,,,Beginner,,Clockwork Sphinx,Spider Swarm,Serpent,Goblin,None,brown/purple,,Terribler Person,Added
6,,,,,,,,,,,,,,,,,,Beginner,,Golden Cog,Clockwork Sphinx,Rowanne,Cockatrice,Bard/Priest,,,Terribler Person,Added
7,,,,,,,,,,,,,,,,,,Early Game,,Anointed One,Hellcat,Sekhma,Mercy,None,,,Terribler Person,Added
8,,,,,,,,,,,,,,,,,,Beginner,,Ranger,Ranger,Alchemist,Ranger,None,,,Terribler Person,Added
9,,,,,,,,,,,,,,,,,,Beginner,,Dragotaur,Baby Dragon,Dragon Eggs,Dragonian Rogue,None,,,Terribler Person,Added
10,,,,,,,,,,,,,,,,,,PvP Defense,,Grave Seer,Life and Death,Arachnaean Weaver,King Avelorn,Orbweaver,,,Terribler Person,Added
11,,,,,,,,,,,,,,,,,,PvP Defense,,Divine Ishbaala,Rope Dart,Qilin,Moon Rabbit,Thief,,,Terribler Person,Added
12,,,,,,,,,,,,,,,,,,Beginner,,Deep Borer,Loyalty,Dragotaur,Dragon Eggs,None,,,Terribler Person,Added
13,,,,,,,,,,,,,,,,,,PvP Defense,,Toadsqueezer,Norbert's Turnip,Stringfiddler,King Gobtruffle,Thief,,,Terribler Person,Added
14,,,,,,,,,,,,,,,,,,Green Guild War Defense,,Savage Hunter,Divine Ishbaala,Rope Dart,Mercy,Frostmage,,,Terribler Person,Added
15,,,,,,,,,,,,,,,,,,Beginner,,Rock Worm,Rock Worm,Deep Borer,Rock Worm,None,,,Terribler Person,Added
16,P,P,X,X,X,X,X,,X,,,X,,,X,X,,Intermediate Guild Wars Purple,,Psion,Burning Scythe,Lyrasza,The Possessed King,Archmagus,Night,"[6151,1124,6847,6594,3063,1,3,3,1,0,0,0,14028]",ekrumme,Added
17,,Y,,,,,X,,,,X,,,X,,X,X,<300 Yellow Delve,,Finesse,Finesse,Essence of Evil,Finesse,Stormcaller,Talon,"[6834,6834,1220,6834,3023,2,2,3,2,2,0,0,14030]",,Added
18,,,,,,,,X,X,,,,,X,,X,,Wrath of Storms,,Wrath,Doomed Axe,Moon Rabbit,The Possessed King,Stormcaller,Guardian,,credit to LootWizard,Added
19,,,,,,,,,,,,,,,,,,Beginner,,Deep Borer,Valkyrie,Elven Bard,Rock Spirit,None,,,Terribler Person,Added
20,,,,,,,,,,,,,X,X,,,,Green Guild War Defense,,Savage Hunter,Queen Beetrix,Doomed Scythe,Gimlet Stormbrew,Frostmage,,,Terribler Person,Added
21,,Bl,X,X,X,X,X,X,,,,,,X,,,,PvP Defense,,Emerald Tear,Queen Beetrix,Mistralus,Mercy,Tidecaller,,,Terribler Person,Added
22,,P,,,X,,,,X,X,,X,,,X,X,,PvP Defense,,Daughter of Ice,Drowned Sailor,Zuul'Goth,Jar of Eyes,Frostmage/Assassin,,,Terribler Person,Added
23,,,,,,,,,X,,,X,X,,X,,,PvP Defense,,Carnex,TINA-9000,Rope Dart,Leprechaun,Mechanist,,,Terribler Person,Added
24,,,,,,,,X,,,X,,,,,,,Early Game,,Mountain Crusher,Gargoyle,Elwyn,Luther,Titan,Bear,,Terribler Person,Added
25,,,,,X,,,,,,,,,,,,,Fastest level 1 explore,,Black Manacles,Rowanne,Leprechaun,The Maraji Queen,None,Trident,,,Added
26,,,X,,,X,,,X,,,,,,X,,,Soul Skulls,,Mountain Crusher,Dark Troll,The Infernal Machine,Pharos-Ra,Titan,Slayer,,credit to LootWizard,Added
27,,X,,,,X,,,,X,,,X,,X,,X,Lord Doomskull,,The Lord of Slaughter,Mountain Crusher,Divinia,Obsidius,Titan,Eagle,,credit to LootWizard,Added
28,,,,,X,,,X,,,,X,,,,,,PvP Defense,,Essence of Evil,Goblin Shaman,Queen Beetrix,Leprechaun,Monk,,,Terribler Person,Added
29,,Bl,X,X,X,X,X,,,,,,,,,,,Gobtruffle variant,,Forest Troll,King Gobtruffle,Doomed Glaive,The Maraji Queen,Warden,,,Terribler Person,Added
30,,,,,,,,,,,,,X,X,X,X,,PvP Defense,,Rope Dart,Qilin,Moon Rabbit,The Possessed King,Frostmage,,,Terribler Person,Added
31,,,,,,,,,,,,,X,X,X,X,,Brown Guild War Defense,,Wulfgarok,Gimlet Stormbrew,Spirit Fox,Doomed Codex,Monk,,,Terribler Person,Added
32,,X,,,,X,,,,X,,,X,,X,,X,PvP Defense,,Ferocity,Mountain Crusher,Ketras the Bull,Voice of Orpheus,Shaman,,,Terribler Person,Added
33,,,,,X,,,X,,,,X,X,,,,,PvP Defense,,Norbert's Turnip,Stringfiddler,King Gobtruffle,Obsidius,Shaman/Thief,,,Terribler Person,Added
34,Y,Y,,,,,X,,,,X,,,X,,X,X,PvP Defense,cleanse,Divine Ishbaala,Doomed Axe,Qilin,Sister Superior,Priest,,,Terribler Person,Added
35,,,,,,,X,,,,,,X,X,,,,PvP Defense,summon,Lamashtu,Life and Death,Arachnaean Weaver,King Avelorn,Orbweaver,,,,Added
36,,,,,,,,,,,,X,X,,,,,PvP Defense,cleanse,Webspinner,Sister Superior,Dragon's Eye,Fist of Zorn,Thief,,,,Added
37,G,G,,X,,,,X,,,,X,X,X,,,,,beast,Doomed Libram,Wulfgarok,Forest Guardian,Fenrir,Warden,Ocularen,"[1181,6300,6298,6162,3039,3,3,2,2,2,3,1,14002]",,Added
38,,R,,,,X,,,,X,,,X,,X,,X,,,Shield of Urskaya,Harpy Mage,Tesla,Tesla,Sentinel,Bear,"[1221,6754,6320,6320,3010,2,2,2,3,2,0,0,14022]",,Added
39,,,,,,X,,,,,,,,,X,X,,Blue Guild War Defense,,Drowned Sailor,Scurvy Seadog,Doomed Tome,Queen Mab,Tidecaller,,,,Added
40,,P,,,X,,,,X,X,,X,,,X,X,,Blue Guild War Defense,,Wulfgarok,Daughter of Ice,Doomed Tome,Drowned Sailor,Monk,,,,Added
41,,B,X,X,X,X,X,,,,,,,,,,,PvP Defense,,Moonsinger,Dragon's Eye,Queen Beetrix,Malcandessa,Archer,,,,Added
42,,,,,,X,,,,,,X,X,,,,,Classic,,Flammifer,Yao Guai,Queen Titania,Tai-Pan,Titan,,,,Added
43,,G,,X,,,,X,,,,X,X,X,,,,PvP Defense,,Doomed Club,Child of Summer,Yao Guai,First Mate Axelubber,Plaguelord,,,,Added
44,,,,,,,,,,,,,,,,,,Early game no Lep :( two brown matches fills Sphinx with Stone Link,,Golden Cog,Rowanne,Clockwork Sphinx,Soothsayer,Titan,Slayer,,jdaberwocky,
45,,,,,,,,,,,,,,,,,,Traitstone farm hero variant,,Sunbird,Imperial Jewel,Fire Bomb,Fire Bomb,Leveller,Abyssal,,jdaberwocky,
46,G,,,X,,,,X,,,,X,X,X,,,,Lvl 12 Explore,cleanse,Essence of Evil,Queen Beetrix,Leprechaun,The Possessed King,Archer,Ocularen,"[1220,6863,6638,6594,3039,3,1,1,1,0,0,0,14004]",ekrumme,
